Model Size,Dataset Fraction,Epoch,Train Loss,Train Accuracy,Test Accuracy,Test Loss
1,0.3333333333333333,1,0.8294472861441837,16.065,20.08,2.263376061916351
1,0.3333333333333333,2,0.7759861171625222,24.12,26.17,2.0992134189605713
1,0.3333333333333333,3,0.6918253336742426,28.2,30.13,1.8520537781715394
1,0.3333333333333333,4,0.6247811279479106,33.4,38.45,1.6733567214012146
1,0.3333333333333333,5,0.5793047604287506,40.595,42.64,1.553612105846405
1,0.3333333333333333,6,0.5312765738007369,45.855,47.37,1.4280095839500426
1,0.3333333333333333,7,0.4860572769383716,50.785,53.13,1.2941038942337035
1,0.3333333333333333,8,0.4439242189856851,56.375,59.29,1.1717685490846634
1,0.3333333333333333,9,0.40382718280622154,61.95,64.97,1.07146763920784
1,0.3333333333333333,10,0.37261829026945076,65.95,69.7,0.9928159666061401
1,0.3333333333333333,11,0.3479462467181455,69.625,73.43,0.9195209151506424
1,0.3333333333333333,12,0.32159760689279837,72.77,75.94,0.8514925646781921
1,0.3333333333333333,13,0.3007789857827934,75.015,77.47,0.7940752699971199
1,0.3333333333333333,14,0.2805000057645664,76.785,78.91,0.7360191106796264
1,0.3333333333333333,15,0.2745697088302321,78.33,80.51,0.6920654255151749
1,0.3333333333333333,16,0.2522135741391759,79.52,81.09,0.6590513429045677
1,0.3333333333333333,17,0.23897171324225747,80.445,81.84,0.6257542088627815
1,0.3333333333333333,18,0.22752720231463194,81.42,82.92,0.596146405339241
1,0.3333333333333333,19,0.22729483740344927,82.3,83.93,0.5715896037220954
1,0.3333333333333333,20,0.21016251945951184,82.96,84.25,0.5516683000326157
1,0.3333333333333333,21,0.19861313415940401,83.775,84.75,0.5287540471553802
1,0.3333333333333333,22,0.19534984952325274,84.01,85.47,0.511470028758049
1,0.3333333333333333,23,0.18842053793038532,84.655,85.85,0.49248982563614846
1,0.3333333333333333,24,0.18306356934225484,85.12,85.76,0.4840727347135544
1,0.3333333333333333,25,0.17352765437903678,85.655,86.46,0.46792338326573374
1,0.3333333333333333,26,0.17612573922060099,85.945,86.89,0.4510315053910017
1,0.3333333333333333,27,0.16838177374214125,86.25,87.07,0.44164015986025335
1,0.3333333333333333,28,0.16261955602153852,86.605,87.22,0.4332632424682379
1,0.3333333333333333,29,0.16793889984203753,86.99,87.36,0.4276156313717365
1,0.3333333333333333,30,0.15415646790698834,87.22,87.74,0.4168968788534403
1,0.3333333333333333,31,0.15773489141160515,87.335,87.82,0.40575505964457986
1,0.3333333333333333,32,0.1509735500736601,87.715,88.09,0.40208972364664075
1,0.3333333333333333,33,0.15070849220464183,87.81,88.16,0.3926692874729633
1,0.3333333333333333,34,0.14627510821743375,88.065,88.4,0.38683884993195533
1,0.3333333333333333,35,0.14256621090469845,88.3,88.64,0.38223037756979467
1,0.3333333333333333,36,0.14100353562148513,88.465,88.77,0.37128013513982294
1,0.3333333333333333,37,0.14541565318396138,88.615,88.81,0.36866769298911095
1,0.3333333333333333,38,0.14646037150720123,88.86,89.17,0.3629753729328513
1,0.3333333333333333,39,0.13397401590256175,89.105,89.2,0.3574715979397297
1,0.3333333333333333,40,0.12760147869966593,89.28,89.18,0.3551234336569905
1,0.3333333333333333,41,0.13008135044650668,89.425,89.46,0.3504426456615329
1,0.3333333333333333,42,0.13224285489814297,89.52,89.56,0.3465916766226292
1,0.3333333333333333,43,0.1354665104181144,89.675,89.72,0.3421730000525713
1,0.3333333333333333,44,0.128002900416684,89.86,89.85,0.33649854227900505
1,0.3333333333333333,45,0.12725062981532637,90.1,89.98,0.33495994314551353
1,0.3333333333333333,46,0.12637403389071203,89.995,90.08,0.3308886341378093
1,0.3333333333333333,47,0.12588272257974953,90.35,90.11,0.32721673522144556
1,0.3333333333333333,48,0.12266561550319574,90.27,90.07,0.3261546331271529
1,0.3333333333333333,49,0.11913098233520605,90.375,90.44,0.3216818539425731
1,0.3333333333333333,50,0.12069287250755699,90.655,90.38,0.3165583566576242
1,0.3333333333333333,51,0.11566644840559383,90.705,90.51,0.317513861246407
1,0.3333333333333333,52,0.11368118625157958,90.685,90.59,0.3111254422739148
1,0.3333333333333333,53,0.1122947171994835,90.835,90.81,0.3088546097278595
1,0.3333333333333333,54,0.10753880588302187,90.84,90.8,0.3048842990770936
1,0.3333333333333333,55,0.11359803691791122,90.965,90.78,0.3033441440574825
1,0.3333333333333333,56,0.10887158771229398,91.11,91.06,0.3006612749956548
1,0.3333333333333333,57,0.10565857968892262,91.145,91.2,0.29864426363259555
1,0.3333333333333333,58,0.11127031181648278,91.245,91.03,0.2970881656184792
1,0.3333333333333333,59,0.11033227973303218,91.395,91.37,0.29233784407377245
1,0.3333333333333333,60,0.11261788542103615,91.32,91.34,0.29216296423226595
1,0.3333333333333333,61,0.10087476518883068,91.405,91.32,0.2880876372009516
1,0.3333333333333333,62,0.10261615123718408,91.48,91.27,0.29104375379160047
1,0.3333333333333333,63,0.10510359343829428,91.575,91.47,0.28612436436116695
1,0.3333333333333333,64,0.10085467975230733,91.705,91.66,0.28387540543451906
1,0.3333333333333333,65,0.10112436267600697,91.645,91.48,0.28389597926288845
1,0.3333333333333333,66,0.10001180600968136,91.835,91.69,0.2798534450307488
1,0.3333333333333333,67,0.09585731993814942,91.945,91.54,0.2795763465575874
1,0.3333333333333333,68,0.10302371242243773,92.115,91.67,0.27814630925655365
1,0.3333333333333333,69,0.09587916997587605,92.075,91.66,0.277779770642519
1,0.3333333333333333,70,0.09523883746687774,92.155,91.81,0.27490313233807684
1,0.3333333333333333,71,0.09604201233311063,92.315,91.56,0.27734737677499655
1,0.3333333333333333,72,0.09172449654834286,92.135,91.77,0.2721519274637103
1,0.3333333333333333,73,0.08941313249480193,92.54,91.78,0.2693688191659749
1,0.3333333333333333,74,0.09305116448812424,92.345,91.61,0.2722356938198209
1,0.3333333333333333,75,0.09255199067911525,92.39,91.67,0.2712195913679898
1,0.3333333333333333,76,0.09143322881809465,92.605,91.83,0.26670687990263103
1,0.3333333333333333,77,0.0877876610607858,92.39,91.83,0.26770647035911677
1,0.3333333333333333,78,0.09131855683721554,92.635,91.88,0.26378658674657346
1,0.3333333333333333,79,0.09200365661056178,92.63,91.89,0.26472732733935117
1,0.3333333333333333,80,0.09023146672992949,92.74,92.08,0.2606413955800235
1,0.3333333333333333,81,0.09137599711205549,92.725,91.91,0.2596201172284782
1,0.3333333333333333,82,0.08863956419525633,92.605,92.11,0.25978660216555
1,0.3333333333333333,83,0.08149959256125104,92.835,92.04,0.2568261685781181
1,0.3333333333333333,84,0.08654960434717737,92.875,92.07,0.2576074785925448
1,0.3333333333333333,85,0.08779403719173115,93.03,92.22,0.25502768835052847
1,0.3333333333333333,86,0.08320210143259377,93.085,92.23,0.2525151856057346
1,0.3333333333333333,87,0.0875669086150303,93.085,92.2,0.25341313986107705
1,0.3333333333333333,88,0.08255087532055606,93.1,92.22,0.2537759925983846
1,0.3333333333333333,89,0.08335175009290124,93.27,92.13,0.2562022491171956
1,0.3333333333333333,90,0.07738039922562374,93.38,92.36,0.2510672055371106
1,0.3333333333333333,91,0.07929682558414283,93.35,92.3,0.2509033087454736
1,0.3333333333333333,92,0.07996001690151586,93.39,92.33,0.2504936102218926
1,0.3333333333333333,93,0.07754327062588588,93.33,92.47,0.2498285079188645
1,0.3333333333333333,94,0.08154724044784618,93.385,92.32,0.24954082371667027
1,0.3333333333333333,95,0.07737764032783022,93.43,92.61,0.24536478323861957
1,0.3333333333333333,96,0.07742762912041062,93.545,92.41,0.24509128065779806
1,0.3333333333333333,97,0.08186438081750444,93.5,92.44,0.247501209191978
1,0.3333333333333333,98,0.08238363228026468,93.61,92.47,0.24633690549060702
1,0.3333333333333333,99,0.07884686297861634,93.53,92.56,0.241728424038738
1,0.3333333333333333,100,0.07664567118237732,93.79,92.62,0.24178714832291007
1,0.3333333333333333,101,0.07583005389400349,93.855,92.54,0.24101229628548027
1,0.3333333333333333,102,0.07671638905622397,93.915,92.6,0.240132657289505
1,0.3333333333333333,103,0.07485324913149427,93.695,92.53,0.24306103182956576
1,0.3333333333333333,104,0.06858711699201803,93.785,92.62,0.23956065349280833
1,0.3333333333333333,105,0.07333225192158085,93.93,92.81,0.23861968271434308
1,0.3333333333333333,106,0.07578702247256686,93.905,92.55,0.23993130720220507
1,0.3333333333333333,107,0.07457744515245887,94.17,92.75,0.23587731400504708
1,0.3333333333333333,108,0.07503492162106143,93.95,92.77,0.23584654251113535
1,0.3333333333333333,109,0.07394502767521864,93.98,92.6,0.23679675145074724
1,0.3333333333333333,110,0.0697220508839674,94.005,92.61,0.2372813398204744
1,0.3333333333333333,111,0.071011534636947,94.1,92.78,0.2328162276931107
1,0.3333333333333333,112,0.06778441369533539,94.205,92.79,0.23246788930147885
1,0.3333333333333333,113,0.07212909102250056,94.21,92.78,0.23537945034913718
1,0.3333333333333333,114,0.0722942858649667,94.3,92.67,0.23355233378708362
1,0.3333333333333333,115,0.06647146934536612,94.4,92.85,0.23231905080378057
1,0.3333333333333333,116,0.06656403516887859,94.085,92.69,0.23149029405787588
1,0.3333333333333333,117,0.06795881233017916,94.21,93.05,0.22895512949675323
1,0.3333333333333333,118,0.06886918714661507,94.305,92.91,0.23321309573948384
1,0.3333333333333333,119,0.07109774260004614,94.335,93.05,0.22716978422366083
1,0.3333333333333333,120,0.06696700413895261,94.445,92.92,0.22928419705480338
1,0.3333333333333333,121,0.06892713880652834,94.53,93.09,0.22720649591647088
1,0.3333333333333333,122,0.06515031701819912,94.56,93.01,0.22689148449338972
1,0.3333333333333333,123,0.06610789097798099,94.37,93.05,0.22617719180881976
1,0.3333333333333333,124,0.06448915719416491,94.535,93.15,0.22637457451783122
1,0.3333333333333333,125,0.06568273005022365,94.51,92.91,0.22674149739556015
1,0.3333333333333333,126,0.06355083007721385,94.595,93.21,0.22429762377403675
1,0.3333333333333333,127,0.0633254023209499,94.645,93.15,0.22361314292065798
1,0.3333333333333333,128,0.06346278433587141,94.695,93.11,0.22261565069667996
1,0.3333333333333333,129,0.0602168774433956,94.82,93.2,0.22217089212499558
1,0.3333333333333333,130,0.06278598958709437,94.625,93.27,0.22201099009253084
1,0.3333333333333333,131,0.06395309622500353,94.675,93.22,0.2195853726286441
1,0.3333333333333333,132,0.06123757727776363,94.69,93.29,0.22255158524028956
1,0.3333333333333333,133,0.06363445598703281,94.57,93.19,0.22193396572954951
1,0.3333333333333333,134,0.062120052137572296,94.76,93.37,0.2190532075613737
1,0.3333333333333333,135,0.06579816948836016,94.84,93.39,0.21932614544406534
1,0.3333333333333333,136,0.05819967147081521,94.865,93.3,0.2187975428905338
1,0.3333333333333333,137,0.064076327285759,94.75,93.25,0.2218699786067009
1,0.3333333333333333,138,0.058693891118286524,94.955,93.25,0.22112695568241178
1,0.3333333333333333,139,0.06413247626108728,94.825,93.47,0.21900291818194093
1,0.3333333333333333,140,0.05989737149066986,94.995,93.33,0.21744907954707743
1,0.3333333333333333,141,0.06109214958491599,95.03,93.55,0.22001419950276613
1,0.3333333333333333,142,0.05907508313276206,95.045,93.47,0.21382160460576416
1,0.3333333333333333,143,0.06049544435397834,94.885,93.38,0.22155615642666818
1,0.3333333333333333,144,0.058049234686193954,94.98,93.63,0.2133874956984073
1,0.3333333333333333,145,0.05782377271420637,95.13,93.61,0.2138791227620095
1,0.3333333333333333,146,0.059022438231926815,94.995,93.51,0.2142763481941074
1,0.3333333333333333,147,0.059746998130895526,95.125,93.75,0.21570745285600423
1,0.3333333333333333,148,0.06223520973495617,95.175,93.69,0.21237439266406
1,0.3333333333333333,149,0.054392466001260055,95.24,93.7,0.2118239824194461
1,0.3333333333333333,150,0.05891919316379887,95.185,93.62,0.21386207750998437
1,0.3333333333333333,151,0.05858972668647766,95.055,93.45,0.21590296638663858
1,0.3333333333333333,152,0.05593711702497142,95.26,93.73,0.2148223755415529
1,0.3333333333333333,153,0.06018214615856766,94.99,93.65,0.2126794902049005
1,0.3333333333333333,154,0.05732236705293321,95.19,93.72,0.2103323612594977
1,0.3333333333333333,155,0.05537082705717937,95.115,93.6,0.21205571894999595
1,0.3333333333333333,156,0.05550636137556878,95.27,93.76,0.2096280944533646
1,0.3333333333333333,157,0.05204695804863219,95.41,93.88,0.2092074686801061
1,0.3333333333333333,158,0.06017799058537574,95.21,93.84,0.20886771355755626
1,0.3333333333333333,159,0.05662481714585784,95.31,93.77,0.20605017489753663
1,0.3333333333333333,160,0.05492776174359261,95.36,93.63,0.21073321269825102
1,0.3333333333333333,161,0.05457929218081153,95.425,93.8,0.20865320631302894
1,0.3333333333333333,162,0.04991743300750757,95.375,94.01,0.20550831573083997
1,0.3333333333333333,163,0.056439193475777936,95.28,93.77,0.2117318892898038
1,0.3333333333333333,164,0.05380260716578004,95.4,93.78,0.2093522014375776
1,0.3333333333333333,165,0.05328739311095256,95.47,93.88,0.20575834553223105
1,0.3333333333333333,166,0.05625247922103117,95.43,93.87,0.20858013776596634
1,0.3333333333333333,167,0.05471008783502943,95.395,93.85,0.2115585240442306
1,0.3333333333333333,168,0.052865485049736725,95.395,93.88,0.20531712529715151
1,0.3333333333333333,169,0.05120089517277517,95.54,93.9,0.20599243978969753
1,0.3333333333333333,170,0.05285632591338674,95.495,93.87,0.20615124614909291
1,0.3333333333333333,171,0.053808403148013315,95.435,93.94,0.20738012033049016
1,0.3333333333333333,172,0.051538503283907654,95.44,93.94,0.2053629888035357
1,0.3333333333333333,173,0.04763213217638101,95.56,94.0,0.20324423254467547
1,0.3333333333333333,174,0.049313564992444534,95.615,93.99,0.2041814100043848
1,0.3333333333333333,175,0.053212526687391244,95.59,93.91,0.20682770766317846
1,0.3333333333333333,176,0.05335440591072581,95.595,94.03,0.2022480093082413
1,0.3333333333333333,177,0.048872147158832306,95.69,93.85,0.20690997498109936
1,0.3333333333333333,178,0.049753839280574946,95.6,93.97,0.20329708142671735
1,0.3333333333333333,179,0.05105995970546819,95.545,93.85,0.20664351135026662
1,0.3333333333333333,180,0.05062617724583407,95.575,93.92,0.20446109067182988
1,0.3333333333333333,181,0.05011622973118618,95.655,94.04,0.20143395042978227
1,0.3333333333333333,182,0.05416566385015561,95.76,93.94,0.20092215752694756
1,0.3333333333333333,183,0.05055259775583911,95.72,93.95,0.2037350915139541
1,0.3333333333333333,184,0.049460295042034925,95.82,94.05,0.20403322165831925
1,0.3333333333333333,185,0.048340795668447095,95.87,94.19,0.19827954064588993
1,0.3333333333333333,186,0.05095430926247767,95.75,94.07,0.2019004256883636
1,0.3333333333333333,187,0.04879060843188292,95.895,94.15,0.19799291680101305
1,0.3333333333333333,188,0.04840040026576656,95.85,93.92,0.20294508789200336
1,0.3333333333333333,189,0.05140195343240052,95.895,94.05,0.20221924347802997
1,0.3333333333333333,190,0.04766514130933269,95.91,94.08,0.20464121004100888
1,0.3333333333333333,191,0.046859384413547575,95.76,94.16,0.1973231668025255
1,0.3333333333333333,192,0.048225553931703996,95.91,94.17,0.19886000670026988
1,0.3333333333333333,193,0.04881470135537682,95.88,94.06,0.2036261200811714
1,0.3333333333333333,194,0.04838892962237832,96.095,94.13,0.20231808362994344
1,0.3333333333333333,195,0.04777268040332065,95.805,94.19,0.2006351106148213
1,0.3333333333333333,196,0.052180626423685414,95.885,94.2,0.19944224960170687
1,0.3333333333333333,197,0.048400955428932885,95.79,94.1,0.20004345716908575
1,0.3333333333333333,198,0.04681809740081714,95.955,94.12,0.19879641181323676
1,0.3333333333333333,199,0.04646384742134695,95.87,94.04,0.1991339954966679
1,0.3333333333333333,200,0.04558421426992507,95.965,94.27,0.19837130599655212
1,0.3333333333333333,201,0.04485992868994452,95.95,94.19,0.19694057523272931
1,0.3333333333333333,202,0.04722780473293013,95.98,94.29,0.199581600590609
1,0.3333333333333333,203,0.04525155505272233,96.01,94.3,0.19796342697925864
1,0.3333333333333333,204,0.04793535187176079,96.005,94.27,0.20174363385885954
1,0.3333333333333333,205,0.049506441695959705,96.07,94.24,0.19833684917539357
1,0.3333333333333333,206,0.048771957540588017,96.07,94.35,0.19848930330015718
1,0.3333333333333333,207,0.04381713223685125,96.215,94.22,0.1990485679684207
1,0.3333333333333333,208,0.042077264967997366,96.245,94.26,0.1973463320499286
1,0.3333333333333333,209,0.04873876593959559,96.03,94.14,0.19984418109990656
1,0.3333333333333333,210,0.047890382540074126,96.11,94.22,0.19938313745427877
1,0.3333333333333333,211,0.04559280120643081,96.0,94.37,0.2003643536614254
1,0.3333333333333333,212,0.04391066784596747,96.19,94.08,0.20040009525604546
1,0.3333333333333333,213,0.042216484808618095,96.28,94.32,0.19741440520156175
1,0.3333333333333333,214,0.051036364523468505,96.165,94.25,0.19852033592760562
1,0.3333333333333333,215,0.04125097211284243,96.205,94.5,0.19626194696407764
1,0.3333333333333333,216,0.04413317260184106,96.05,94.42,0.19517290729563683
1,0.3333333333333333,217,0.04464371227155066,96.09,94.33,0.1955502415308729
1,0.3333333333333333,218,0.044958455476221765,96.145,94.23,0.1981851852312684
1,0.3333333333333333,219,0.04425630697114452,96.18,94.2,0.20227359249256552
1,0.3333333333333333,220,0.04785893361564655,96.2,94.35,0.1976917967852205
1,0.3333333333333333,221,0.043717459413656005,96.245,94.43,0.19750562025234103
1,0.3333333333333333,222,0.0453768384636967,96.185,94.28,0.19493467294145375
1,0.3333333333333333,223,0.04222959329842762,96.29,94.34,0.19658678023610265
1,0.3333333333333333,224,0.045234868077525664,96.155,94.22,0.1998354254383594
1,0.3333333333333333,225,0.042763622608154445,96.37,94.31,0.19436629028059543
1,0.3333333333333333,226,0.044174705127811735,96.27,94.36,0.1950965360738337
1,0.3333333333333333,227,0.04604450610887473,96.15,94.24,0.19709070932585745
1,0.3333333333333333,228,0.04411521874320735,96.345,94.39,0.19605069881305098
1,0.3333333333333333,229,0.044714317864673156,96.225,94.36,0.19431025154190137
1,0.3333333333333333,230,0.04390641712364118,96.38,94.15,0.19698945199837908
1,0.3333333333333333,231,0.04137563752900263,96.205,94.38,0.19474063376430423
1,0.3333333333333333,232,0.043026902825589394,96.365,94.34,0.1981140720518306
1,0.3333333333333333,233,0.04421624555519432,96.315,94.25,0.19652700347360225
1,0.3333333333333333,234,0.042889906223982005,96.31,94.31,0.19639199971221388
1,0.3333333333333333,235,0.044075726383146205,96.455,94.34,0.19402599192457273
1,0.3333333333333333,236,0.04386104319458175,96.17,94.33,0.19780549877556042
1,0.3333333333333333,237,0.0394450632297689,96.36,94.36,0.19538738367846237
1,0.3333333333333333,238,0.04124533437239896,96.445,94.38,0.19618419281207025
1,0.3333333333333333,239,0.04172951792171047,96.38,94.3,0.1964893872407265
1,0.3333333333333333,240,0.04143110551177316,96.47,94.4,0.19264018321875484
1,0.3333333333333333,241,0.039546105702211905,96.345,94.38,0.19336731646675617
1,0.3333333333333333,242,0.04352929170249374,96.425,94.32,0.19410458950093015
1,0.3333333333333333,243,0.04377029995155183,96.385,94.18,0.19697156459791587
1,0.3333333333333333,244,0.042036911294718454,96.375,94.38,0.19378593003610148
1,0.3333333333333333,245,0.03842694364535581,96.475,94.51,0.1933611117117107
1,0.3333333333333333,246,0.04462984564957345,96.425,94.44,0.19284204836003482
1,0.3333333333333333,247,0.044074837474306676,96.54,94.22,0.19469194601289927
1,0.3333333333333333,248,0.03731663627134767,96.545,94.42,0.19391933308681472
1,0.3333333333333333,249,0.04129258282245345,96.73,94.28,0.1942913578869775
1,0.3333333333333333,250,0.04159121025519766,96.445,94.32,0.1930384095897898
1,0.3333333333333333,251,0.041350180128957054,96.63,94.32,0.19607453664997593
1,0.3333333333333333,252,0.04068919821719455,96.535,94.33,0.19433866279199719
1,0.3333333333333333,253,0.04025139996580258,96.66,94.32,0.19574742083903401
1,0.3333333333333333,254,0.03842833315490917,96.62,94.36,0.20046557039255275
1,0.3333333333333333,255,0.041742078627750374,96.515,94.44,0.19383828178979456
1,0.3333333333333333,256,0.037110727292242324,96.465,94.39,0.1959557383065112
1,0.3333333333333333,257,0.036189488022570396,96.595,94.45,0.19386889318469913
1,0.3333333333333333,258,0.039917055398795254,96.52,94.46,0.1941093940171413
1,0.3333333333333333,259,0.03984493542771051,96.56,94.46,0.1929414818249643
1,0.3333333333333333,260,0.03901992415546612,96.525,94.23,0.19303123662015423
1,0.3333333333333333,261,0.039444992235701554,96.55,94.47,0.19302252426743507
1,0.3333333333333333,262,0.03979843902360102,96.645,94.19,0.19741820820374414
1,0.3333333333333333,263,0.04156675033128945,96.695,94.44,0.19249935145489872
1,0.3333333333333333,264,0.03679153306563948,96.71,94.35,0.19146625053603203
1,0.3333333333333333,265,0.03710103863079077,96.68,94.54,0.18963846020400524
1,0.3333333333333333,266,0.0385871430633554,96.515,94.42,0.1947914000414312
1,0.3333333333333333,267,0.0375324547955185,96.665,94.25,0.1945285488315858
1,0.3333333333333333,268,0.038044949673163665,96.76,94.55,0.192996871098876
1,0.3333333333333333,269,0.03708312045901444,96.76,94.58,0.19189067385857925
1,0.3333333333333333,270,0.035828820032298946,96.605,94.28,0.1970163630344905
1,0.3333333333333333,271,0.035309647298922206,96.87,94.52,0.1931509475945495
1,0.3333333333333333,272,0.04072150841924795,96.75,94.51,0.19209434230346234
1,0.3333333333333333,273,0.035972511217852304,96.635,94.48,0.19515741620445623
1,0.3333333333333333,274,0.0355476985928739,96.68,94.43,0.19326122720260172
1,0.3333333333333333,275,0.037619513429843696,96.665,94.39,0.1940136791090481
1,0.3333333333333333,276,0.03700279095655034,96.745,94.35,0.19276868557557464
1,0.3333333333333333,277,0.03531741073272031,96.7,94.43,0.19174836586927996
1,0.3333333333333333,278,0.03629115124227135,96.855,94.58,0.18998173422180117
1,0.3333333333333333,279,0.03677582134534219,96.745,94.38,0.1920826177787967
1,0.3333333333333333,280,0.03592437982654116,96.775,94.42,0.19471752075711266
1,0.3333333333333333,281,0.0396189909475814,96.79,94.45,0.1925185431120917
1,0.3333333333333333,282,0.03441823048481516,96.77,94.37,0.1924693367513828
1,0.3333333333333333,283,0.03505957147972599,96.89,94.41,0.19241332182195037
1,0.3333333333333333,284,0.036421427432044295,96.84,94.46,0.19606946902116762
1,0.3333333333333333,285,0.03785746997803639,96.86,94.4,0.19529888675548135
1,0.3333333333333333,286,0.039703204812612504,96.875,94.59,0.19036551432684065
1,0.3333333333333333,287,0.036259828242147046,96.89,94.41,0.19238529357826337
1,0.3333333333333333,288,0.035704126403589914,96.885,94.46,0.19208671574248
1,0.3333333333333333,289,0.03678183701292724,96.885,94.39,0.19471311416244133
1,0.3333333333333333,290,0.03580194390171273,96.8,94.39,0.1922861676150933
1,0.3333333333333333,291,0.034730681117363035,96.84,94.53,0.19040845951298252
1,0.3333333333333333,292,0.03375975941871382,96.895,94.2,0.1964263978996314
1,0.3333333333333333,293,0.03463310537159823,96.86,94.53,0.19134261215804144
1,0.3333333333333333,294,0.03301068179451736,96.89,94.59,0.1904494384280406
1,0.3333333333333333,295,0.03410985364703236,97.09,94.42,0.1951394290686585
1,0.3333333333333333,296,0.034987209044444335,96.79,94.37,0.1946326392609626
1,0.3333333333333333,297,0.035728753965561556,96.81,94.4,0.19372887562029065
1,0.3333333333333333,298,0.036140091100316137,96.94,94.51,0.1922307483688928
1,0.3333333333333333,299,0.03876372718602229,96.86,94.48,0.19084816069807858
1,0.3333333333333333,300,0.032209866092937765,96.87,94.52,0.19227208567550405
1,0.6666666666666666,1,0.0921918378470424,13.3975,20.91,2.2137958574295045
1,0.6666666666666666,2,0.07653431922863847,28.4775,32.09,1.8272364687919618
1,0.6666666666666666,3,0.0656827596810679,38.7125,44.98,1.575668294429779
1,0.6666666666666666,4,0.056007654522173704,50.965,57.0,1.3324936628341675
1,0.6666666666666666,5,0.05007593014750618,60.305,64.36,1.1476125133037567
1,0.6666666666666666,6,0.041173759740762435,67.3725,70.74,0.9883553218841553
1,0.6666666666666666,7,0.03522055769880739,72.3975,75.91,0.8497435137629509
1,0.6666666666666666,8,0.033619597887459655,76.445,79.17,0.7433636686205864
1,0.6666666666666666,9,0.02829623431824267,79.0575,81.38,0.6649907538294793
1,0.6666666666666666,10,0.02646906688190497,81.2425,83.14,0.6056487865746021
1,0.6666666666666666,11,0.023778508741634723,82.905,84.33,0.5543437622487545
1,0.6666666666666666,12,0.02334104254603767,84.38,85.81,0.5108495697379112
1,0.6666666666666666,13,0.021142602538148435,85.335,86.66,0.47420420542359354
1,0.6666666666666666,14,0.01906267893961824,86.4525,87.34,0.4422332349419594
1,0.6666666666666666,15,0.017539656676423435,87.19,88.25,0.4164809465408325
1,0.6666666666666666,16,0.01825423943348967,88.0775,88.75,0.3940412858873606
1,0.6666666666666666,17,0.01604854289335184,88.5725,89.21,0.37510273277759554
1,0.6666666666666666,18,0.015514001155051941,89.085,89.72,0.35404751628637315
1,0.6666666666666666,19,0.013438878396448617,89.6175,90.14,0.33815779961645603
1,0.6666666666666666,20,0.013155260405982264,89.9525,90.49,0.32602610904723406
1,0.6666666666666666,21,0.011208369613836368,90.49,91.01,0.31224826235324143
1,0.6666666666666666,22,0.013173140990086638,90.7775,91.16,0.3001588362455368
1,0.6666666666666666,23,0.013594640472445626,91.2275,91.64,0.28884421832859514
1,0.6666666666666666,24,0.012176506578350982,91.4025,91.95,0.27672984372824433
1,0.6666666666666666,25,0.012443893824141627,91.6475,92.15,0.2698608854971826
1,0.6666666666666666,26,0.010643442194111431,91.8425,92.34,0.2617641654238105
1,0.6666666666666666,27,0.011522025345994261,92.1725,92.46,0.25448689293116333
1,0.6666666666666666,28,0.011328315630126685,92.3875,92.69,0.24719555335119367
1,0.6666666666666666,29,0.009973085155121434,92.54,92.72,0.24039020042866469
1,0.6666666666666666,30,0.00951968190578607,92.7075,92.87,0.23542761599645018
1,0.6666666666666666,31,0.011217178152011226,92.805,92.99,0.22909314970485867
1,0.6666666666666666,32,0.010082716092514916,92.88,93.19,0.2230027155112475
1,0.6666666666666666,33,0.009093084036351774,93.18,93.2,0.219496153825894
1,0.6666666666666666,34,0.011234512701392555,93.165,93.48,0.21469074737280608
1,0.6666666666666666,35,0.009378211662030449,93.3175,93.52,0.2116635422874242
1,0.6666666666666666,36,0.0094298897459865,93.4175,93.56,0.21050945091992618
1,0.6666666666666666,37,0.00832478080789883,93.55,93.55,0.20568873616866767
1,0.6666666666666666,38,0.00917260077433845,93.7225,93.86,0.2033039961475879
1,0.6666666666666666,39,0.0077510698677632755,93.85,93.86,0.19887093550525606
1,0.6666666666666666,40,0.008023245480304328,93.895,93.96,0.19673615410923959
1,0.6666666666666666,41,0.008096744838994913,93.95,94.0,0.19345653587952255
1,0.6666666666666666,42,0.007503226970712217,93.955,94.05,0.1903456516843289
1,0.6666666666666666,43,0.008644085294141556,94.065,94.1,0.18657386706210674
1,0.6666666666666666,44,0.0078060483208860455,94.36,94.15,0.18412286041304468
1,0.6666666666666666,45,0.006971305765854284,94.3325,94.26,0.18310575669631363
1,0.6666666666666666,46,0.0068772293317813085,94.3125,94.35,0.18081068926490843
1,0.6666666666666666,47,0.007082809750645305,94.33,94.43,0.1766874244203791
1,0.6666666666666666,48,0.007794747123131737,94.44,94.43,0.17773375676013528
1,0.6666666666666666,49,0.007614662138798747,94.5825,94.55,0.1722661865502596
1,0.6666666666666666,50,0.007934333798222648,94.6225,94.6,0.17076756798662246
1,0.6666666666666666,51,0.006976942975109758,94.7725,94.47,0.16992288999259472
1,0.6666666666666666,52,0.007615048902484174,94.7525,94.63,0.1684012113697827
1,0.6666666666666666,53,0.006846359672066503,94.8325,94.63,0.1662596765253693
1,0.6666666666666666,54,0.006933201449557234,94.895,94.74,0.16539736973121763
1,0.6666666666666666,55,0.007338057953519181,94.875,94.74,0.16263926649466157
1,0.6666666666666666,56,0.00626484791453654,94.9075,94.81,0.1603558988403529
1,0.6666666666666666,57,0.0071728370441034575,95.0925,94.87,0.15924082028213887
1,0.6666666666666666,58,0.006605815011472367,95.1275,94.87,0.15900661749765277
1,0.6666666666666666,59,0.006374965032068685,95.1,94.73,0.15878982016816734
1,0.6666666666666666,60,0.00798233624654837,95.155,94.85,0.1573075604159385
1,0.6666666666666666,61,0.006213819423613076,95.2625,94.98,0.15460909738205372
1,0.6666666666666666,62,0.006272371203754657,95.3575,94.95,0.15275197272188962
1,0.6666666666666666,63,0.005086116361827515,95.22,94.93,0.15254157170187682
1,0.6666666666666666,64,0.004747992411208229,95.4225,95.18,0.1505770180793479
1,0.6666666666666666,65,0.006292628427854361,95.38,95.04,0.14959956533275545
1,0.6666666666666666,66,0.006838263485568781,95.4825,95.17,0.14776105920784174
1,0.6666666666666666,67,0.005860654714579781,95.5575,95.22,0.14814592187758535
1,0.6666666666666666,68,0.006634960230737449,95.55,95.24,0.14648957839701324
1,0.6666666666666666,69,0.006459258889523558,95.66,95.15,0.14607686325907707
1,0.6666666666666666,70,0.006517322942281302,95.6,95.3,0.14548848091624678
1,0.6666666666666666,71,0.005253774741777597,95.67,95.27,0.14479782778769731
1,0.6666666666666666,72,0.006769148055642557,95.7425,95.35,0.1412718040542677
1,0.6666666666666666,73,0.005168116690156559,95.74,95.26,0.1437247480126098
1,0.6666666666666666,74,0.005817034195501583,95.74,95.48,0.14003678556066007
1,0.6666666666666666,75,0.005298324274464537,95.7725,95.48,0.13969196694903074
1,0.6666666666666666,76,0.005585218413759726,95.93,95.5,0.13915808425284923
1,0.6666666666666666,77,0.004512052852124832,95.8075,95.63,0.13990264877211303
1,0.6666666666666666,78,0.005460482340651198,95.76,95.59,0.1368793283146806
1,0.6666666666666666,79,0.005264867513705366,95.925,95.68,0.13693380284821616
1,0.6666666666666666,80,0.006236223271860482,96.0325,95.77,0.13516588090918957
1,0.6666666666666666,81,0.005133953397742475,96.0375,95.71,0.1352514496422373
1,0.6666666666666666,82,0.006149199347907362,95.9875,95.66,0.13491012344369666
1,0.6666666666666666,83,0.005989619789603419,96.025,95.62,0.13330874043749646
1,0.6666666666666666,84,0.0043655368276297474,96.03,95.73,0.1341288758534938
1,0.6666666666666666,85,0.0061847765605670575,96.0725,95.86,0.13349700946127996
1,0.6666666666666666,86,0.004853887096666299,95.9775,95.81,0.13203559042187407
1,0.6666666666666666,87,0.004988716266597041,96.03,95.79,0.13303853871300816
1,0.6666666666666666,88,0.005280763767778683,96.2275,95.87,0.13154546900186687
1,0.6666666666666666,89,0.004711645854690585,96.1425,95.84,0.13205570885911583
1,0.6666666666666666,90,0.004597690408698286,96.0625,95.84,0.13092518207849935
1,0.6666666666666666,91,0.004864360006472554,96.26,95.79,0.1309712241939269
1,0.6666666666666666,92,0.004776002154849208,96.285,95.84,0.13062395445536823
1,0.6666666666666666,93,0.00458324569673203,96.2625,95.84,0.12893661104608328
1,0.6666666666666666,94,0.0045121209666180535,96.2825,95.99,0.1288421885110438
1,0.6666666666666666,95,0.004609960086715107,96.34,95.91,0.12712646443396808
1,0.6666666666666666,96,0.006049053094828853,96.295,96.0,0.12748102007899434
1,0.6666666666666666,97,0.004298127818697938,96.3375,95.86,0.128282937661279
1,0.6666666666666666,98,0.004745368140574081,96.45,95.96,0.12796669591451063
1,0.6666666666666666,99,0.004698543122020392,96.435,95.92,0.12751921307761221
1,0.6666666666666666,100,0.00497658425769486,96.4125,95.96,0.12590129109797998
1,0.6666666666666666,101,0.004267066931381774,96.465,95.97,0.12744127546437084
1,0.6666666666666666,102,0.004648617947825228,96.45,95.85,0.12772232758579777
1,0.6666666666666666,103,0.003786763206076698,96.565,95.96,0.12743521522032097
1,0.6666666666666666,104,0.004620793956918077,96.53,95.93,0.12582322353962808
1,0.6666666666666666,105,0.005284468598735218,96.565,95.95,0.1262647862615995
1,0.6666666666666666,106,0.0042444496347119635,96.465,95.93,0.12555213496787473
1,0.6666666666666666,107,0.004523380436360264,96.5725,95.89,0.12765131603693589
1,0.6666666666666666,108,0.003462270675851895,96.635,96.06,0.12400690677342936
1,0.6666666666666666,109,0.004110287160823901,96.5825,95.96,0.1246778780396562
1,0.6666666666666666,110,0.003997476646504082,96.6175,96.09,0.12370912874583155
1,0.6666666666666666,111,0.004239132895637244,96.5325,96.11,0.12356655633309856
1,0.6666666666666666,112,0.004710037249345749,96.64,96.03,0.12278769005206414
1,0.6666666666666666,113,0.0048839323127422085,96.605,96.06,0.12310708568315022
1,0.6666666666666666,114,0.003878257026116307,96.735,96.19,0.12283267916878686
1,0.6666666666666666,115,0.0043004122666847975,96.7125,96.07,0.12298933951649815
1,0.6666666666666666,116,0.0037053437135851804,96.7775,96.13,0.12177675063256174
1,0.6666666666666666,117,0.004810709375352524,96.735,96.16,0.12303461551200598
1,0.6666666666666666,118,0.004516904893965005,96.8175,96.16,0.12203788207494654
1,0.6666666666666666,119,0.00412368901764242,96.7275,96.18,0.12129229503800161
1,0.6666666666666666,120,0.0036677319032791702,96.7925,96.23,0.12186490598949604
1,0.6666666666666666,121,0.004425691208614709,96.855,96.14,0.11933803294901736
1,0.6666666666666666,122,0.004748031092337526,96.8,96.12,0.12142904512467795
1,0.6666666666666666,123,0.0037190187424897387,96.855,96.27,0.12006866717012599
1,0.6666666666666666,124,0.0033751159620742065,96.915,96.17,0.12018268342246302
1,0.6666666666666666,125,0.00383153287604594,96.9375,96.2,0.11907480641966686
1,0.6666666666666666,126,0.003725515119136332,96.86,96.31,0.11947715032845735
1,0.6666666666666666,127,0.0037189383095445725,96.9225,96.31,0.11902086484478787
1,0.6666666666666666,128,0.004220808299776084,96.8725,96.12,0.12067511245142669
1,0.6666666666666666,129,0.0046812432428328,96.8475,96.23,0.11810173049918377
1,0.6666666666666666,130,0.003415726256161071,96.9525,96.22,0.118744032275863
1,0.6666666666666666,131,0.0029033504295558595,96.9575,96.28,0.1185497392877005
1,0.6666666666666666,132,0.00360348200598083,97.0,96.32,0.11893740726052783
1,0.6666666666666666,133,0.003421773913854989,96.97,96.17,0.11869959965348244
1,0.6666666666666666,134,0.004064332586698258,96.9975,96.34,0.11849314125138335
1,0.6666666666666666,135,0.002969613054785104,97.065,96.22,0.11802557292860001
1,0.6666666666666666,136,0.0038944570639262944,97.0625,96.25,0.11802299182512797
1,0.6666666666666666,137,0.004077426446512484,97.1075,96.34,0.11777683302876539
1,0.6666666666666666,138,0.003390899350563177,97.0875,96.39,0.11968174269422889
1,0.6666666666666666,139,0.003348812484703125,97.075,96.36,0.11724470347049647
1,0.6666666666666666,140,0.0034546764751973626,97.1575,96.28,0.1166647343907971
1,0.6666666666666666,141,0.00329360775292491,97.1575,96.31,0.11897552890586667
1,0.6666666666666666,142,0.0030660444674210047,97.1275,96.33,0.1174497356871143
1,0.6666666666666666,143,0.003707548418936257,97.16,96.29,0.11593394376337528
1,0.6666666666666666,144,0.0029444003555054864,97.1625,96.37,0.1171895703068003
1,0.6666666666666666,145,0.0028253334601180623,97.19,96.37,0.11714913377305493
1,0.6666666666666666,146,0.0028656378846627453,97.1825,96.3,0.11712039006873966
1,0.6666666666666666,147,0.0032345445725483635,97.2325,96.32,0.11643112453632057
1,0.6666666666666666,148,0.004080932444562546,97.155,96.28,0.11720442819409073
1,0.6666666666666666,149,0.0030266069018612275,97.15,96.28,0.11677510363282635
1,0.6666666666666666,150,0.0032588409515805898,97.2775,96.29,0.11654821910895408
1,0.6666666666666666,151,0.0030766632794714966,97.2875,96.44,0.11757363960030488
1,0.6666666666666666,152,0.0030353162259149093,97.3175,96.36,0.11429319591145032
1,0.6666666666666666,153,0.0038309100860604846,97.3775,96.31,0.11625851133139804
1,0.6666666666666666,154,0.002938400418423235,97.2625,96.35,0.1148463772062678
1,0.6666666666666666,155,0.004073991318242238,97.3,96.35,0.11443797713611276
1,0.6666666666666666,156,0.003163527477139863,97.295,96.39,0.11620290025253781
1,0.6666666666666666,157,0.0037205303415132405,97.35,96.37,0.11510907988296822
1,0.6666666666666666,158,0.0028907342459827947,97.3625,96.4,0.11391496842959896
1,0.6666666666666666,159,0.0039441745026043045,97.3825,96.27,0.11528844704967924
1,0.6666666666666666,160,0.0030374772453936527,97.385,96.36,0.1153386195236817
1,0.6666666666666666,161,0.0045571743299405035,97.4175,96.34,0.11454357393668033
1,0.6666666666666666,162,0.0029532427188401784,97.3875,96.45,0.1153360026003793
1,0.6666666666666666,163,0.003303750760305804,97.3875,96.31,0.11550639875349589
1,0.6666666666666666,164,0.003463084419695333,97.405,96.41,0.11408041689603124
1,0.6666666666666666,165,0.004246230799550065,97.465,96.45,0.11459966491791419
1,0.6666666666666666,166,0.0030638979622921625,97.5275,96.49,0.11438121781800874
1,0.6666666666666666,167,0.0028127941627281543,97.44,96.41,0.11336946924566291
1,0.6666666666666666,168,0.0030934042490709324,97.5025,96.45,0.11687785423127935
1,0.6666666666666666,169,0.0030676354044161668,97.48,96.45,0.11365686714067123
1,0.6666666666666666,170,0.0033452762737156104,97.4525,96.35,0.11394014207588044
1,0.6666666666666666,171,0.0029341525282151402,97.48,96.48,0.1136603651259793
1,0.6666666666666666,172,0.003522899751655591,97.5475,96.4,0.11423798945965245
1,0.6666666666666666,173,0.002698460266517755,97.55,96.43,0.11367147582117468
1,0.6666666666666666,174,0.003169486876398611,97.4825,96.38,0.11258782951859757
1,0.6666666666666666,175,0.0034736009023060054,97.485,96.39,0.11363042201031931
1,0.6666666666666666,176,0.0026247842481341987,97.5525,96.47,0.11427187510766089
1,0.6666666666666666,177,0.0031025852805699784,97.455,96.54,0.11264692106749863
1,0.6666666666666666,178,0.00421476508148562,97.5775,96.47,0.11391094398044516
1,0.6666666666666666,179,0.002945288140981342,97.4525,96.54,0.11263169819896575
1,0.6666666666666666,180,0.003826499449464079,97.515,96.54,0.11376731683732942
1,0.6666666666666666,181,0.0032804542646621363,97.6275,96.39,0.11454492341494188
1,0.6666666666666666,182,0.0033525193389802696,97.54,96.54,0.11361612209759187
1,0.6666666666666666,183,0.0037975570740410316,97.58,96.6,0.1127377215179149
1,0.6666666666666666,184,0.002968232388408801,97.6,96.48,0.11272775789024309
1,0.6666666666666666,185,0.002770158167654714,97.6475,96.49,0.11464829942968208
1,0.6666666666666666,186,0.0027001887536086976,97.62,96.5,0.11450128778466023
1,0.6666666666666666,187,0.002559321953322941,97.635,96.51,0.11259906343650072
1,0.6666666666666666,188,0.0028829609695524452,97.685,96.55,0.11216417755873408
1,0.6666666666666666,189,0.0032004153730865485,97.68,96.41,0.1137817214836832
1,0.6666666666666666,190,0.002819568002090667,97.62,96.52,0.1130968819244299
1,0.6666666666666666,191,0.0029132237759070655,97.7275,96.55,0.11231887611967978
1,0.6666666666666666,192,0.002618268114356949,97.705,96.49,0.1135903197398875
1,0.6666666666666666,193,0.0035524861024210626,97.6875,96.57,0.11148989762121346
1,0.6666666666666666,194,0.003054712440806646,97.6675,96.48,0.1115380327112507
1,0.6666666666666666,195,0.0027084115226143086,97.675,96.53,0.11065127210924403
1,0.6666666666666666,196,0.0029512105729823674,97.7,96.51,0.11272850485518575
1,0.6666666666666666,197,0.003231104635916198,97.6825,96.68,0.11028463251888752
1,0.6666666666666666,198,0.00296464192267424,97.72,96.53,0.11198472924763336
1,0.6666666666666666,199,0.003386585012125893,97.755,96.42,0.11190879164612852
1,0.6666666666666666,200,0.003619147791934851,97.79,96.5,0.11105205698288045
1,0.6666666666666666,201,0.002861755551954809,97.7525,96.52,0.11103855702735017
1,0.6666666666666666,202,0.0031132698892214045,97.7575,96.52,0.10892639898462221
1,0.6666666666666666,203,0.003049596019398671,97.8,96.71,0.10982211511640344
1,0.6666666666666666,204,0.002543154949197373,97.82,96.54,0.11071329358615913
1,0.6666666666666666,205,0.0030088950507937908,97.815,96.56,0.10953077543119434
1,0.6666666666666666,206,0.0024742226059825275,97.81,96.52,0.1101830293313833
1,0.6666666666666666,207,0.0024502657341976134,97.8325,96.54,0.10961740470957011
1,0.6666666666666666,208,0.0029623120987472443,97.88,96.46,0.11008475869952235
1,0.6666666666666666,209,0.002397413746403239,97.87,96.56,0.11088155754492618
1,0.6666666666666666,210,0.0032064805563075094,97.7525,96.51,0.11055733111104928
1,0.6666666666666666,211,0.0032917141450194125,97.885,96.54,0.11132268114190083
1,0.6666666666666666,212,0.002982331523165916,97.89,96.61,0.11001620252500288
1,0.6666666666666666,213,0.0025287284560430163,97.845,96.62,0.10819336293963716
1,0.6666666666666666,214,0.002615235680446457,97.835,96.56,0.10873985744547099
1,0.6666666666666666,215,0.0030436192076807966,97.925,96.45,0.10943527563125827
1,0.6666666666666666,216,0.0022658661436349057,97.85,96.52,0.10963600919756572
1,0.6666666666666666,217,0.0023821963729283298,97.9225,96.55,0.10942282468429766
1,0.6666666666666666,218,0.0024841533015711238,97.9125,96.68,0.10917311896104366
1,0.6666666666666666,219,0.0028070415349338,97.915,96.65,0.10825274837843608
1,0.6666666666666666,220,0.002677833429350259,97.9725,96.54,0.11031919072032906
1,0.6666666666666666,221,0.0034417082278873213,97.9125,96.5,0.10908636442036368
1,0.6666666666666666,222,0.002699886814664347,98.0,96.53,0.10977123694377951
1,0.6666666666666666,223,0.002970055251504286,97.9925,96.48,0.11032111722452101
1,0.6666666666666666,224,0.001698956363641035,98.025,96.72,0.1077251467172755
1,0.6666666666666666,225,0.002614588557055202,97.995,96.61,0.10760737652541139
1,0.6666666666666666,226,0.0029465357978313493,97.9425,96.55,0.10763398679613602
1,0.6666666666666666,227,0.003239459468248172,98.0025,96.57,0.10975272268813568
1,0.6666666666666666,228,0.00238647993308858,98.05,96.55,0.10946301136282273
1,0.6666666666666666,229,0.0027029972892409315,98.095,96.43,0.11081654109351803
1,0.6666666666666666,230,0.0026048434475740303,97.9825,96.5,0.11067123884626198
1,0.6666666666666666,231,0.002847895055961685,98.035,96.57,0.10953646837733685
1,0.6666666666666666,232,0.002854389385483897,98.0475,96.47,0.11041610375221353
1,0.6666666666666666,233,0.003049448882333768,98.05,96.54,0.10975207703420892
1,0.6666666666666666,234,0.0028224545426833365,98.1,96.51,0.11066458414425143
1,0.6666666666666666,235,0.0022060230683785278,98.035,96.63,0.11017972638481296
1,0.6666666666666666,236,0.0024535310880159037,98.005,96.6,0.1087414050399093
1,0.6666666666666666,237,0.0028107568335990173,98.11,96.63,0.10850625229883008
1,0.6666666666666666,238,0.0028493274300814436,98.1025,96.45,0.1109277848538477
1,0.6666666666666666,239,0.002249467472275035,98.07,96.58,0.10869420750706922
1,0.6666666666666666,240,0.0025325617470299475,98.095,96.53,0.11036724982084706
1,0.6666666666666666,241,0.0026988742974238655,98.1525,96.65,0.10860917405865621
1,0.6666666666666666,242,0.0025616016048497668,98.09,96.55,0.1078048947674688
1,0.6666666666666666,243,0.0028477479784062114,98.1225,96.57,0.10910879127390218
1,0.6666666666666666,244,0.0021341129685171875,98.1275,96.57,0.1101277762290556
1,0.6666666666666666,245,0.002042978728255525,98.09,96.56,0.10791322456730995
1,0.6666666666666666,246,0.0031903721213626403,98.1175,96.56,0.10953949098009616
1,0.6666666666666666,247,0.0026355082579790213,98.06,96.53,0.10853764811065048
1,0.6666666666666666,248,0.0025187880574419094,98.1075,96.55,0.10735402192105539
1,0.6666666666666666,249,0.003008230431630208,98.0675,96.53,0.10886753715400119
1,0.6666666666666666,250,0.0027058632455218713,98.2325,96.56,0.1091561327513773
1,0.6666666666666666,251,0.003456217549241389,98.1625,96.51,0.11031563263677527
1,0.6666666666666666,252,0.002445454944294101,98.0775,96.58,0.10941402473516064
1,0.6666666666666666,253,0.0017252713025282748,98.26,96.5,0.10959344684670214
1,0.6666666666666666,254,0.0022583521616915923,98.1775,96.51,0.10881601791654248
1,0.6666666666666666,255,0.0022741957618215214,98.1625,96.5,0.11071248925116378
1,0.6666666666666666,256,0.0023763339680890304,98.1275,96.48,0.11093550977297127
1,0.6666666666666666,257,0.00324016727340488,98.19,96.55,0.10876878877053969
1,0.6666666666666666,258,0.0021631506006843364,98.2125,96.6,0.109145414676168
1,0.6666666666666666,259,0.00273434021852363,98.2,96.62,0.10817668558796868
1,0.6666666666666666,260,0.002740324650423976,98.2075,96.61,0.10984151639975608
1,0.6666666666666666,261,0.0023133812751918556,98.125,96.54,0.11018947929900605
1,0.6666666666666666,262,0.0022005060681710227,98.1975,96.6,0.10911294320307206
1,0.6666666666666666,263,0.0022919888373095386,98.185,96.5,0.10983399120013929
1,0.6666666666666666,264,0.0025651299962982203,98.185,96.48,0.10879570468619931
1,0.6666666666666666,265,0.0022253882074460816,98.2725,96.56,0.10945539114909479
1,0.6666666666666666,266,0.0030542934646669287,98.2875,96.54,0.11139794027491007
1,0.6666666666666666,267,0.002426017623263807,98.2775,96.51,0.11190442106395494
1,0.6666666666666666,268,0.0030680947755567563,98.2,96.47,0.11159395740804029
1,0.6666666666666666,269,0.002424786798655987,98.2625,96.54,0.10859299108764389
1,0.6666666666666666,270,0.0018516747078623254,98.17,96.63,0.10839069574722089
1,0.6666666666666666,271,0.0026295992155996755,98.19,96.5,0.10832283971190919
1,0.6666666666666666,272,0.0021784345503337087,98.3375,96.61,0.10854849273135186
1,0.6666666666666666,273,0.0027261324429188293,98.18,96.55,0.10834471084468532
1,0.6666666666666666,274,0.0020813665816935296,98.265,96.56,0.10923058460524772
1,0.6666666666666666,275,0.0025262715110477927,98.28,96.52,0.11297864690975984
1,0.6666666666666666,276,0.0025532661368862127,98.245,96.6,0.10999208799941698
1,0.6666666666666666,277,0.0019109712038843777,98.2425,96.56,0.11011840826977277
1,0.6666666666666666,278,0.00216399674741224,98.275,96.66,0.10870934904756722
1,0.6666666666666666,279,0.0018137691976925054,98.3625,96.61,0.10961505940213101
1,0.6666666666666666,280,0.0024570151865958407,98.365,96.56,0.11174205663526664
1,0.6666666666666666,281,0.0020484156287706697,98.305,96.57,0.11086474212119356
1,0.6666666666666666,282,0.0022831735091087537,98.3325,96.56,0.11131944851658773
1,0.6666666666666666,283,0.0017554739865060813,98.335,96.63,0.10978286465397105
1,0.6666666666666666,284,0.0018900796806755158,98.265,96.59,0.11098977236921201
1,0.6666666666666666,285,0.002154521072824923,98.3725,96.62,0.11055988475534832
1,0.6666666666666666,286,0.0023048393095072848,98.3675,96.5,0.11233951589674689
1,0.6666666666666666,287,0.002013250316579502,98.3625,96.55,0.11154322367161512
1,0.6666666666666666,288,0.002621652498936501,98.34,96.6,0.11174662704172078
1,0.6666666666666666,289,0.0019344945137683576,98.3325,96.54,0.112075219610997
1,0.6666666666666666,290,0.002456544514614553,98.32,96.63,0.11199418783129658
1,0.6666666666666666,291,0.001796601426463348,98.34,96.56,0.11144899592240108
1,0.6666666666666666,292,0.002434832570604242,98.325,96.55,0.11201563886046642
1,0.6666666666666666,293,0.002082053390435708,98.38,96.7,0.11074168161751004
1,0.6666666666666666,294,0.0015229514529244207,98.3675,96.52,0.11028443574527046
1,0.6666666666666666,295,0.0028234526229361755,98.305,96.61,0.1110419748511049
1,0.6666666666666666,296,0.0022675271470325824,98.29,96.57,0.1127672440058086
1,0.6666666666666666,297,0.0025290982446636253,98.33,96.65,0.10924739748006687
1,0.6666666666666666,298,0.001978347321954398,98.3075,96.63,0.11018516157229896
1,0.6666666666666666,299,0.0018101129026268238,98.34,96.59,0.1131572850982775
1,0.6666666666666666,300,0.0022689309566260906,98.35,96.63,0.10932079345773672
1,1.0,1,0.2604212336448718,24.348333333333333,36.13,1.6967584025859832
1,1.0,2,0.1781418979295027,48.67333333333333,56.06,1.1622323447465897
1,1.0,3,0.13781876503023258,62.626666666666665,68.85,0.9043127477169037
1,1.0,4,0.10858806948671972,72.74166666666666,77.64,0.7130627572536469
1,1.0,5,0.08301704581866641,81.05833333333334,84.63,0.5425010526180267
1,1.0,6,0.0658798426199061,85.97333333333333,87.7,0.43317262321710587
1,1.0,7,0.05648017221930693,88.49666666666667,89.81,0.35883614733815195
1,1.0,8,0.05093978755255498,89.99166666666666,90.88,0.31288217566907406
1,1.0,9,0.04344065427017619,90.92666666666666,91.89,0.2786896738782525
1,1.0,10,0.041429096257000336,91.69166666666666,92.74,0.25413964375853537
1,1.0,11,0.03703685117555834,92.28333333333333,93.16,0.2359068202599883
1,1.0,12,0.03518622865809052,92.8,93.54,0.21965996770188212
1,1.0,13,0.03346616055157139,93.17166666666667,93.88,0.20533668350428344
1,1.0,14,0.031493304333071716,93.43333333333334,94.06,0.19733538933098316
1,1.0,15,0.03027359996713809,93.725,94.38,0.18943056385964155
1,1.0,16,0.030493595214413683,93.93333333333334,94.57,0.18162527842447163
1,1.0,17,0.026597332360266623,94.23833333333333,94.77,0.1756457009539008
1,1.0,18,0.026699096353641198,94.37666666666667,94.91,0.1723747939802706
1,1.0,19,0.026467247447098243,94.59833333333333,95.13,0.16655256243422628
1,1.0,20,0.025621775736305506,94.64666666666666,95.44,0.1598806844651699
1,1.0,21,0.0251799347176989,94.86333333333333,95.51,0.15610516455955803
1,1.0,22,0.0230595236107993,95.06,95.51,0.1562839458975941
1,1.0,23,0.02344611296648664,95.12333333333333,95.74,0.14914121254347265
1,1.0,24,0.022838461453091107,95.35666666666667,95.71,0.1467175705637783
1,1.0,25,0.02321388775796524,95.33166666666666,95.8,0.14352515095844864
1,1.0,26,0.021935099684226234,95.56833333333333,95.91,0.13962561069056392
1,1.0,27,0.020430688331249173,95.59166666666667,95.99,0.13768505820073187
1,1.0,28,0.02157245361125037,95.695,96.08,0.13484619720838964
1,1.0,29,0.020299913627760752,95.78666666666666,96.11,0.1325556799257174
1,1.0,30,0.019928444280171955,95.895,96.12,0.13045356346759945
1,1.0,31,0.018565075801633822,95.93666666666667,96.28,0.1263697921205312
1,1.0,32,0.02006544603277117,96.06166666666667,96.23,0.12553841764107346
1,1.0,33,0.01880765870721864,96.19166666666666,96.25,0.12430743361823261
1,1.0,34,0.01978689943676564,96.18833333333333,96.48,0.11987690743990242
1,1.0,35,0.018901314697603682,96.26666666666667,96.38,0.12061675537377596
1,1.0,36,0.017810101424262467,96.31333333333333,96.43,0.11693704134086147
1,1.0,37,0.01745060875789443,96.39,96.37,0.11892955560702831
1,1.0,38,0.016433067075701666,96.49,96.49,0.11380705838557333
1,1.0,39,0.017929447485185636,96.585,96.5,0.11537529964931309
1,1.0,40,0.015900009953136892,96.59333333333333,96.65,0.11176524352049455
1,1.0,41,0.014649264939399416,96.67333333333333,96.63,0.11104580388171598
1,1.0,42,0.016415347430561143,96.67666666666666,96.65,0.1078381699626334
1,1.0,43,0.01691432978743429,96.775,96.64,0.1090362861729227
1,1.0,44,0.015627546922992796,96.80166666666666,96.68,0.10735753181390464
1,1.0,45,0.015306252878961533,96.80833333333334,96.89,0.10340414339210838
1,1.0,46,0.01515747116668138,96.85333333333334,96.88,0.10555778869311325
1,1.0,47,0.015460262952773555,96.91,96.98,0.10146818847861142
1,1.0,48,0.014512846941378579,97.02333333333333,97.01,0.10096846351749264
1,1.0,49,0.01437511762131506,96.97666666666667,96.86,0.10200520996470004
1,1.0,50,0.015867643638142644,96.98333333333333,97.03,0.10134637416689657
1,1.0,51,0.015375959398999398,97.05833333333334,97.06,0.10032430175109766
1,1.0,52,0.013537253938249942,97.13166666666666,97.04,0.09859758003731259
1,1.0,53,0.013891579849379403,97.135,97.02,0.09967006319551729
1,1.0,54,0.013348683047650465,97.205,97.04,0.09748742825584486
1,1.0,55,0.014524270698968281,97.16833333333334,97.15,0.09754720570053906
1,1.0,56,0.014215533873801037,97.22333333333333,97.09,0.09519270043121651
1,1.0,57,0.012947890156907822,97.29333333333334,97.02,0.09932995462557301
1,1.0,58,0.012223230933011977,97.31666666666666,97.1,0.09516923957271502
1,1.0,59,0.01311225689121528,97.33166666666666,97.12,0.09454555015428923
1,1.0,60,0.012000674826662932,97.355,97.14,0.0937591447471641
1,1.0,61,0.013081945613948013,97.42,97.24,0.09269763548392802
1,1.0,62,0.012977356039511877,97.39666666666666,97.23,0.09096335637615993
1,1.0,63,0.01231387533596965,97.45166666666667,97.14,0.09375806968077086
1,1.0,64,0.011720798933493303,97.45,97.19,0.09306479902938009
1,1.0,65,0.013056092361397327,97.43333333333334,97.24,0.09183309598010965
1,1.0,66,0.012429040922189572,97.485,97.22,0.09108494836254977
1,1.0,67,0.011915261605019763,97.49333333333334,97.32,0.09139622580376454
1,1.0,68,0.012378264224526089,97.52166666666666,97.23,0.0895597046369221
1,1.0,69,0.012312240628545473,97.58666666666667,97.33,0.08965480963408481
1,1.0,70,0.010626904428132307,97.61833333333334,97.25,0.09188493174675387
1,1.0,71,0.011205854263704722,97.68333333333334,97.33,0.08947172862419393
1,1.0,72,0.012194391467106113,97.56666666666666,97.35,0.08980103617999703
1,1.0,73,0.010747179269854194,97.685,97.37,0.08840671279234812
1,1.0,74,0.01064866085820742,97.65833333333333,97.3,0.08843039618514012
1,1.0,75,0.010592276671293702,97.72833333333334,97.35,0.08818723209726159
1,1.0,76,0.012092624753237025,97.68833333333333,97.25,0.08906477523152717
1,1.0,77,0.011049045436481423,97.69166666666666,97.34,0.08850338878924958
1,1.0,78,0.011510592752269335,97.79333333333334,97.28,0.08662828909407835
1,1.0,79,0.011152877768219662,97.80333333333333,97.26,0.08706449607270769
1,1.0,80,0.009559741080887536,97.81833333333333,97.33,0.08599147124215961
1,1.0,81,0.010795733706751612,97.80666666666667,97.29,0.08802135881211143
1,1.0,82,0.009903133064429007,97.805,97.34,0.08538065078901128
1,1.0,83,0.011077434118432023,97.76166666666667,97.12,0.0876319368154509
1,1.0,84,0.011204008902631589,97.82833333333333,97.26,0.08674463348230348
1,1.0,85,0.01079781703762154,97.81333333333333,97.31,0.0846997594408458
1,1.0,86,0.00984686886720947,97.885,97.41,0.08362313775811345
1,1.0,87,0.010419238954464763,97.86166666666666,97.37,0.08607076853280887
1,1.0,88,0.009611260983894374,97.88333333333334,97.29,0.08621017061755992
1,1.0,89,0.009562129289833214,97.88333333333334,97.37,0.08387182985257823
1,1.0,90,0.01127159167160548,97.86166666666666,97.38,0.08530437307665124
1,1.0,91,0.009809316825002495,97.93333333333334,97.4,0.0827107076602988
1,1.0,92,0.009700654960199714,97.94333333333333,97.32,0.08555560539243742
1,1.0,93,0.009975113328109417,97.94333333333333,97.47,0.08239495208312292
1,1.0,94,0.008364830336877023,97.93333333333334,97.29,0.08423244109551888
1,1.0,95,0.009905718255049384,97.98666666666666,97.31,0.08366268037992995
1,1.0,96,0.010280173784221159,98.0,97.44,0.08202708262659143
1,1.0,97,0.008816806968849605,97.98666666666666,97.45,0.0830814421508694
1,1.0,98,0.009074517285455264,97.99166666666666,97.3,0.0836364410049282
1,1.0,99,0.010557717240568417,98.045,97.44,0.08330486907274462
1,1.0,100,0.01008808037945266,97.97833333333334,97.39,0.08335146483848803
1,1.0,101,0.00871839000980483,98.095,97.42,0.08303677202318795
1,1.0,102,0.009318445326645237,98.08,97.47,0.08310476466052932
1,1.0,103,0.009427513367236295,98.03833333333333,97.47,0.08225697985501029
1,1.0,104,0.01025206938004697,98.08833333333334,97.44,0.08259721871931106
1,1.0,105,0.008835469587032857,98.10333333333334,97.44,0.08125846474140416
1,1.0,106,0.009057797680197875,98.08166666666666,97.42,0.08277123543230118
1,1.0,107,0.008887338362681841,98.12333333333333,97.55,0.0809739355900092
1,1.0,108,0.009504229509468273,98.10666666666667,97.37,0.08378498651494738
1,1.0,109,0.008413881762449676,98.13333333333334,97.39,0.08324915560777299
1,1.0,110,0.008816450862074965,98.12666666666667,97.41,0.08401670215185732
1,1.0,111,0.009562168381552197,98.13333333333334,97.46,0.08250582815089728
1,1.0,112,0.008480913921205728,98.195,97.52,0.0814668120231363
1,1.0,113,0.008180048480542547,98.14666666666666,97.5,0.08154504777688999
1,1.0,114,0.008974646329323746,98.13666666666667,97.47,0.08111475176003297
1,1.0,115,0.008177837285437563,98.17833333333333,97.48,0.0816564714719425
1,1.0,116,0.009549376947968117,98.12833333333333,97.48,0.08263534624304157
1,1.0,117,0.008268446746919709,98.215,97.48,0.08068790003599133
1,1.0,118,0.008325408114545317,98.19333333333333,97.53,0.08112616920785513
1,1.0,119,0.009310203719574379,98.14333333333333,97.56,0.08074703640828375
1,1.0,120,0.008545010455889996,98.215,97.58,0.08152006632852135
1,1.0,121,0.007743319440911066,98.20666666666666,97.58,0.0801797188015189
1,1.0,122,0.009490400211198497,98.26833333333333,97.52,0.0831933032645611
1,1.0,123,0.00776312379901216,98.28166666666667,97.48,0.08099697626486886
1,1.0,124,0.008392249200262748,98.28666666666666,97.48,0.08025244184129406
1,1.0,125,0.008934333392266017,98.225,97.58,0.08106756466440856
1,1.0,126,0.007938022488978371,98.265,97.54,0.08119808988529258
1,1.0,127,0.00839559530922726,98.26166666666667,97.55,0.08027610180550254
1,1.0,128,0.008576553765692309,98.315,97.53,0.08194819019525312
1,1.0,129,0.006920463242717008,98.33333333333333,97.54,0.08160487282264511
1,1.0,130,0.00890182729746932,98.30333333333333,97.51,0.08243782590230694
1,1.0,131,0.00788379392064393,98.3,97.59,0.08096574493334628
1,1.0,132,0.008904240713683146,98.33166666666666,97.52,0.08280932132387533
1,1.0,133,0.008331840248234364,98.31666666666666,97.6,0.08008205955877201
1,1.0,134,0.008662870813057876,98.38833333333334,97.51,0.08028280369384447
1,1.0,135,0.008176270191237997,98.29333333333334,97.45,0.08327028611151036
1,1.0,136,0.006885161333437413,98.31833333333333,97.58,0.07860158784576925
1,1.0,137,0.00786977105025353,98.35166666666667,97.53,0.08226997215417214
1,1.0,138,0.007047129425603444,98.295,97.58,0.07878261234465754
1,1.0,139,0.007703024772867592,98.39333333333333,97.55,0.0802515998808667
1,1.0,140,0.008643352434531584,98.395,97.56,0.08109771275077947
1,1.0,141,0.008465680220265632,98.38833333333334,97.67,0.08013125587662216
1,1.0,142,0.007397673099732666,98.34833333333333,97.63,0.08186943894368597
1,1.0,143,0.007601920416010722,98.37833333333333,97.69,0.07917775225650985
1,1.0,144,0.008023864579702746,98.35666666666667,97.63,0.07946329974511172
1,1.0,145,0.007584293956743248,98.385,97.52,0.08101394379220438
1,1.0,146,0.0081982728767036,98.37333333333333,97.6,0.08115416424494469
1,1.0,147,0.007042817191592158,98.42833333333333,97.61,0.07961097209976288
1,1.0,148,0.007569895562793273,98.445,97.61,0.08080299408029532
1,1.0,149,0.007396580111275096,98.39666666666666,97.67,0.07995330664329231
1,1.0,150,0.007869578349882606,98.43666666666667,97.67,0.08094984727111296
1,1.0,151,0.007485729489308685,98.40666666666667,97.57,0.07978922417591093
1,1.0,152,0.007722348451360202,98.43666666666667,97.7,0.07763708865619265
1,1.0,153,0.007173837243970523,98.48,97.6,0.07980158774502343
1,1.0,154,0.008448672933635045,98.42666666666666,97.58,0.08003995704697445
1,1.0,155,0.007001953181633944,98.49666666666667,97.53,0.08285222781531047
1,1.0,156,0.008266959978795764,98.46166666666667,97.59,0.08028675163717708
1,1.0,157,0.0067126987768071035,98.46166666666667,97.66,0.07778273889329285
1,1.0,158,0.007037301871504611,98.44,97.64,0.08140501471236349
1,1.0,159,0.007547399048000447,98.51166666666667,97.6,0.07975119223236106
1,1.0,160,0.0074950365631628645,98.49833333333333,97.67,0.07992003095627297
1,1.0,161,0.007347500116538518,98.46,97.59,0.07990574426483363
1,1.0,162,0.007001469294026272,98.48,97.65,0.07972223326622042
1,1.0,163,0.007257698926884037,98.50333333333333,97.6,0.07973523100081366
1,1.0,164,0.006643783371609602,98.52666666666667,97.64,0.07805689987406367
1,1.0,165,0.0064594091029404836,98.52,97.59,0.07964307040558197
1,1.0,166,0.006635003437254348,98.505,97.67,0.07971659008413554
1,1.0,167,0.006859446929366604,98.515,97.69,0.07779960565880174
1,1.0,168,0.007214344634827393,98.52833333333334,97.66,0.07836357957072324
1,1.0,169,0.007230963775399587,98.56,97.71,0.07938355065358337
1,1.0,170,0.007343785579143556,98.595,97.68,0.07889872480853227
1,1.0,171,0.006367552002816439,98.54166666666667,97.62,0.07920831496681785
1,1.0,172,0.007264260792417694,98.50833333333334,97.63,0.08086762946826638
1,1.0,173,0.00680353967095616,98.53833333333333,97.6,0.08005398619599874
1,1.0,174,0.006577481176140211,98.51666666666667,97.61,0.08098542161227669
1,1.0,175,0.006055796439491355,98.62,97.58,0.07998272612298024
1,1.0,176,0.0066501855302149296,98.57333333333334,97.56,0.08098803076019977
1,1.0,177,0.007045843960173222,98.54,97.64,0.08006981463986448
1,1.0,178,0.007368881432121115,98.58166666666666,97.69,0.07946401713648811
1,1.0,179,0.007069848531456009,98.565,97.7,0.0801882106528501
1,1.0,180,0.007254673620816996,98.59,97.6,0.08099942942440976
1,1.0,181,0.007080266032733325,98.60166666666667,97.64,0.0797637996514095
1,1.0,182,0.006750342859102211,98.57166666666667,97.65,0.07956620881624986
1,1.0,183,0.006874291471509473,98.595,97.54,0.08269923547457438
1,1.0,184,0.0066064076234044426,98.6,97.59,0.08170879952260293
1,1.0,185,0.0067829251992327574,98.57166666666667,97.6,0.08257906613507657
1,1.0,186,0.0064288509288814655,98.585,97.63,0.07948036836256506
1,1.0,187,0.006216664080704644,98.64833333333333,97.7,0.07944588124315487
1,1.0,188,0.007211355382262834,98.665,97.58,0.07952873004833236
1,1.0,189,0.006511413716653517,98.59833333333333,97.66,0.08076379365447792
1,1.0,190,0.006126035207401969,98.61666666666666,97.6,0.08133119576261379
1,1.0,191,0.00802942558523339,98.61166666666666,97.64,0.07988415790503495
1,1.0,192,0.007027474921077553,98.62166666666667,97.63,0.08039118449349189
1,1.0,193,0.0066707745414854745,98.645,97.6,0.08093269147677347
1,1.0,194,0.0069764853189034125,98.64833333333333,97.59,0.08167373287782538
1,1.0,195,0.006774051305549994,98.65166666666667,97.54,0.08036763591517229
1,1.0,196,0.00642478669971736,98.61833333333334,97.65,0.08076436117917182
1,1.0,197,0.006517702653042988,98.655,97.6,0.08180001099564833
1,1.0,198,0.006852534272944305,98.74166666666666,97.64,0.08123452399857342
1,1.0,199,0.006412724997085739,98.645,97.66,0.08149515971221262
1,1.0,200,0.006135640033423456,98.64833333333333,97.52,0.0829662535575335
1,1.0,201,0.006680994593441042,98.7,97.58,0.08142312351395958
1,1.0,202,0.006579174308666288,98.635,97.64,0.0810855619974609
1,1.0,203,0.006354291536616904,98.68333333333334,97.59,0.0818838852843328
1,1.0,204,0.006425493968718214,98.695,97.62,0.08079457535044639
1,1.0,205,0.006098510657768768,98.75333333333333,97.58,0.08397135997292934
1,1.0,206,0.005631459955332567,98.70833333333333,97.61,0.08155092924280324
1,1.0,207,0.006188784966241322,98.61666666666666,97.54,0.08139113599667326
1,1.0,208,0.0053789430101320685,98.70666666666666,97.68,0.08236479289305862
1,1.0,209,0.005215786321998151,98.71,97.53,0.08133199137271731
1,1.0,210,0.006354318230724665,98.73333333333333,97.64,0.08050069430726581
1,1.0,211,0.006092369381679909,98.7,97.64,0.07977074531663675
1,1.0,212,0.006009924400256259,98.67333333333333,97.47,0.08209575056680478
1,1.0,213,0.0067117602131498266,98.685,97.47,0.08157203161492362
1,1.0,214,0.006174175539361769,98.685,97.55,0.08067568073485745
1,1.0,215,0.006598079085612157,98.75166666666667,97.56,0.08082619750755839
1,1.0,216,0.00653221813598469,98.75666666666666,97.57,0.081646662048297
1,1.0,217,0.006006380824098137,98.72333333333333,97.55,0.08221247250330635
1,1.0,218,0.005728799474439514,98.785,97.55,0.08170839587546652
1,1.0,219,0.00609447955509334,98.72333333333333,97.55,0.08243606426840415
1,1.0,220,0.0055263873332662625,98.72833333333334,97.58,0.08259209761148668
1,1.0,221,0.00582080007270614,98.72,97.61,0.08114639026753138
1,1.0,222,0.005917008554161802,98.76,97.45,0.0820524774043588
1,1.0,223,0.00510300935875537,98.75333333333333,97.69,0.08127255178958875
1,1.0,224,0.006060079027062603,98.76333333333334,97.61,0.08151127766817808
1,1.0,225,0.006784062945782376,98.77166666666666,97.59,0.08210137460322585
1,1.0,226,0.006413227878510952,98.765,97.62,0.08116109976719599
1,1.0,227,0.006010693793834399,98.76666666666667,97.39,0.08405581952858483
1,1.0,228,0.006438106934883511,98.75833333333334,97.58,0.08232695161976153
1,1.0,229,0.006612157454090649,98.775,97.64,0.08087642811908154
1,1.0,230,0.006580119509734451,98.75666666666666,97.61,0.08155951677734265
1,1.0,231,0.0065417244736510295,98.78,97.57,0.08280582677747589
1,1.0,232,0.0059638449679941,98.81166666666667,97.77,0.08081658544309903
1,1.0,233,0.005232864283899,98.73666666666666,97.59,0.0807113342595403
1,1.0,234,0.00537789236110792,98.785,97.62,0.08151091476029251
1,1.0,235,0.006147482457247052,98.79666666666667,97.61,0.08217310773849022
1,1.0,236,0.005896498926722609,98.76,97.64,0.08277888468117453
1,1.0,237,0.006072794103117259,98.81166666666667,97.51,0.08144455747969914
1,1.0,238,0.005294443813583522,98.83333333333333,97.66,0.0816884359800315
1,1.0,239,0.005703958552648454,98.795,97.68,0.08084605250536697
1,1.0,240,0.004637030076418223,98.83166666666666,97.63,0.08276288773689884
1,1.0,241,0.0060056236906171736,98.81166666666667,97.67,0.08221281001126045
1,1.0,242,0.005584630255363008,98.79166666666667,97.65,0.08081498521147296
1,1.0,243,0.005213286081301187,98.79833333333333,97.64,0.08168820714665344
1,1.0,244,0.005419356356770086,98.85833333333333,97.56,0.08223278458579443
1,1.0,245,0.004929449548249814,98.81166666666667,97.64,0.08242914210801246
1,1.0,246,0.006239878420811345,98.8,97.58,0.08234495186217827
1,1.0,247,0.0045171483838831435,98.84833333333333,97.65,0.08198800302488962
1,1.0,248,0.005284140388896344,98.83333333333333,97.51,0.08242212465149351
1,1.0,249,0.006033699484919307,98.86833333333334,97.6,0.08455055061655002
1,1.0,250,0.005752762704134496,98.80333333333333,97.6,0.08333033570001135
1,1.0,251,0.006117159056900216,98.79833333333333,97.56,0.08344342900265474
1,1.0,252,0.005179138343805062,98.83666666666667,97.72,0.08225236121972557
1,1.0,253,0.005409611991719842,98.81,97.6,0.08382005728766671
1,1.0,254,0.005517468740071442,98.85166666666667,97.6,0.08208121757925255
1,1.0,255,0.005936208343915721,98.835,97.5,0.08221055288813658
1,1.0,256,0.0051833952887297505,98.85333333333334,97.66,0.08101976167235989
1,1.0,257,0.005661550259936466,98.86166666666666,97.7,0.08238655836379621
1,1.0,258,0.005794661945657436,98.80833333333334,97.74,0.08092354590946343
1,1.0,259,0.0049455763989571,98.87166666666667,97.46,0.08709310573613038
1,1.0,260,0.005915237303727916,98.86666666666666,97.57,0.08537631148603396
1,1.0,261,0.004907837645935097,98.83166666666666,97.65,0.08217118805870996
1,1.0,262,0.005515958946039364,98.88833333333334,97.59,0.08370101156440796
1,1.0,263,0.004514774066834911,98.90666666666667,97.5,0.08465750530507649
1,1.0,264,0.0056323231781707775,98.87166666666667,97.67,0.08354285184192121
1,1.0,265,0.005253941186074255,98.90666666666667,97.56,0.08196287029422819
1,1.0,266,0.005899585051728147,98.84833333333333,97.65,0.08321255528542679
1,1.0,267,0.005254670195202075,98.89,97.65,0.08422827942646109
1,1.0,268,0.005620721728106075,98.85833333333333,97.58,0.08358232186845271
1,1.0,269,0.0058910043151584515,98.87166666666667,97.59,0.085547836873302
1,1.0,270,0.004941852903787865,98.885,97.72,0.08364591216261033
1,1.0,271,0.005930027845047557,98.905,97.61,0.08263302474442753
1,1.0,272,0.005924968903800889,98.84833333333333,97.59,0.0862237011801335
1,1.0,273,0.005923899828887253,98.9,97.65,0.08416404024144868
1,1.0,274,0.005866716439122839,98.86333333333333,97.74,0.08373708486396936
1,1.0,275,0.0055349090137580504,98.90666666666667,97.61,0.08305735823756549
1,1.0,276,0.0059919303426070256,98.935,97.69,0.08340871083084495
1,1.0,277,0.0047808937566565365,98.91666666666667,97.61,0.08480800283636199
1,1.0,278,0.005757934456544199,98.88666666666667,97.65,0.0835622284276178
1,1.0,279,0.005468111476803353,98.85,97.65,0.08389379439191544
1,1.0,280,0.005479119980195438,98.9,97.7,0.08258201062461012
1,1.0,281,0.005009184832742283,98.86333333333333,97.65,0.08355120195366908
1,1.0,282,0.004750044922084252,98.94,97.74,0.08273093640586011
1,1.0,283,0.006082463153659789,98.89666666666666,97.63,0.08220394560601563
1,1.0,284,0.005309292054705338,98.91833333333334,97.78,0.08238482893706532
1,1.0,285,0.00521703459360182,98.92666666666666,97.67,0.08330226782985846
1,1.0,286,0.005762230830767484,98.94666666666667,97.58,0.08343341486281133
1,1.0,287,0.004922844854785181,98.92166666666667,97.58,0.08570061202161014
1,1.0,288,0.004767383116164378,98.91166666666666,97.61,0.08391796208947198
1,1.0,289,0.004401227199176608,98.89333333333333,97.71,0.08291490492149023
1,1.0,290,0.004904828403693145,98.86333333333333,97.58,0.08442904444469605
1,1.0,291,0.004779649303177558,98.94,97.65,0.08451758564900956
1,1.0,292,0.005491345056962135,98.91,97.61,0.08609981214263826
1,1.0,293,0.005069180479598865,98.92833333333333,97.57,0.08350770594624919
1,1.0,294,0.005099339642003973,98.85,97.65,0.08416326928221679
1,1.0,295,0.005311949508709472,98.93833333333333,97.67,0.08339924724845332
1,1.0,296,0.005578431125078946,98.94833333333334,97.63,0.08606159910203132
1,1.0,297,0.004838589192636168,98.93833333333333,97.63,0.08288067494722781
1,1.0,298,0.004539278971809727,98.94,97.77,0.08329851928610879
1,1.0,299,0.005385243409831546,98.92333333333333,97.7,0.08326499445043738
1,1.0,300,0.004868662735419487,99.01666666666667,97.59,0.08526893274320173
2,0.3333333333333333,1,0.7646850036208037,22.295,33.28,2.035697138309479
2,0.3333333333333333,2,0.5858442077211513,43.035,56.28,1.4742642533779144
2,0.3333333333333333,3,0.4145216099016226,64.16,72.64,1.0432626181840896
2,0.3333333333333333,4,0.31087844880523197,75.405,80.07,0.7610007897019386
2,0.3333333333333333,5,0.24404187908597813,79.945,83.21,0.596263670027256
2,0.3333333333333333,6,0.20328409295932504,83.165,86.35,0.4901744277775288
2,0.3333333333333333,7,0.17187431606517475,85.725,88.53,0.40881465062499045
2,0.3333333333333333,8,0.14470110938047906,88.275,90.09,0.3521016284823418
2,0.3333333333333333,9,0.12759346481721112,89.99,91.13,0.31038395255804063
2,0.3333333333333333,10,0.11164841796182523,91.155,92.29,0.2742256180197
2,0.3333333333333333,11,0.10394430701520033,92.0,92.8,0.24964733578264714
2,0.3333333333333333,12,0.09309147459686182,92.905,93.34,0.2297860398888588
2,0.3333333333333333,13,0.08866427611013886,93.405,93.62,0.21478028666228055
2,0.3333333333333333,14,0.07784487283343722,93.63,93.77,0.20716860754415392
2,0.3333333333333333,15,0.07279043772797676,94.265,94.39,0.1885350807197392
2,0.3333333333333333,16,0.06813337796243132,94.59,94.66,0.178810878591612
2,0.3333333333333333,17,0.06671021821772218,95.01,94.76,0.17528091696090997
2,0.3333333333333333,18,0.058651175373678754,95.07,94.94,0.16318161058239639
2,0.3333333333333333,19,0.05715816719516827,95.29,95.09,0.15887076969258487
2,0.3333333333333333,20,0.05773463686275634,95.58,95.0,0.16192132025957107
2,0.3333333333333333,21,0.050743945986981606,95.755,95.37,0.1476614547567442
2,0.3333333333333333,22,0.04808800033987708,96.045,95.48,0.14376630734652282
2,0.3333333333333333,23,0.04614209269831894,96.16,95.51,0.14152322081848978
2,0.3333333333333333,24,0.046513112083931635,96.185,95.62,0.13737185750622302
2,0.3333333333333333,25,0.04390909522771835,96.355,95.66,0.13523944596294313
2,0.3333333333333333,26,0.04697221818908005,96.625,95.75,0.13167269323952496
2,0.3333333333333333,27,0.0400150629460432,96.74,95.88,0.12910501612816006
2,0.3333333333333333,28,0.0403305298417427,96.875,95.82,0.13037521494552493
2,0.3333333333333333,29,0.03448802534087449,97.16,95.99,0.1256019095890224
2,0.3333333333333333,30,0.039461312578267356,97.015,96.01,0.12510457523865626
2,0.3333333333333333,31,0.034964098173911405,97.105,96.11,0.12078863859409467
2,0.3333333333333333,32,0.03130270168185234,97.37,96.08,0.12127229157835245
2,0.3333333333333333,33,0.02934266945975981,97.56,96.24,0.11671804546844214
2,0.3333333333333333,34,0.030262887999889958,97.425,96.32,0.11693754294654354
2,0.3333333333333333,35,0.02844723488447393,97.705,96.26,0.11595715189818293
2,0.3333333333333333,36,0.027016984298825264,97.715,96.33,0.11430257809581235
2,0.3333333333333333,37,0.02707502934013962,97.775,96.33,0.11373402336612344
2,0.3333333333333333,38,0.025717362702177587,97.93,96.34,0.11391660786932334
2,0.3333333333333333,39,0.02666421686625405,97.92,96.51,0.11347914196550846
2,0.3333333333333333,40,0.02234165029374847,98.0,96.43,0.11105875801527873
2,0.3333333333333333,41,0.02180013014300234,98.1,96.44,0.11253977970103733
2,0.3333333333333333,42,0.02563275468007774,98.17,96.53,0.11256730808876454
2,0.3333333333333333,43,0.023517970956719605,98.13,96.59,0.10855476255062968
2,0.3333333333333333,44,0.020805979610248736,98.315,96.52,0.11145613051601685
2,0.3333333333333333,45,0.021782516489979947,98.32,96.58,0.11172035243362188
2,0.3333333333333333,46,0.019684487158895297,98.235,96.6,0.10938999863457866
2,0.3333333333333333,47,0.018238418741495746,98.48,96.71,0.10904257190879435
2,0.3333333333333333,48,0.017096136388173148,98.46,96.75,0.10835463463910855
2,0.3333333333333333,49,0.017204506631205038,98.45,96.74,0.10901109396130777
2,0.3333333333333333,50,0.01736243562120351,98.645,96.7,0.10938505745842121
2,0.3333333333333333,51,0.017151941296164017,98.665,96.84,0.10843031924043317
2,0.3333333333333333,52,0.015652104411392833,98.75,96.78,0.10854010830109473
2,0.3333333333333333,53,0.015494829814904814,98.785,96.93,0.1077477578097023
2,0.3333333333333333,54,0.015312692690284768,98.77,96.84,0.1080383514118148
2,0.3333333333333333,55,0.015593010843227244,98.885,96.76,0.11287134916579816
2,0.3333333333333333,56,0.015403298720432694,98.83,96.91,0.10727323902596254
2,0.3333333333333333,57,0.015989647650272602,98.89,96.77,0.11226877644949126
2,0.3333333333333333,58,0.013612157872812763,98.98,96.85,0.10851160544203595
2,0.3333333333333333,59,0.012428014367154449,99.06,96.88,0.10862802552263019
2,0.3333333333333333,60,0.01201311947932099,99.03,96.74,0.1106727442558622
2,0.3333333333333333,61,0.01198785841631092,99.04,96.93,0.11018242263729917
2,0.3333333333333333,62,0.011850020906051539,99.13,96.85,0.11022766181355109
2,0.3333333333333333,63,0.012089425496235016,99.245,96.91,0.10976058077503695
2,0.3333333333333333,64,0.012305732039366938,99.2,96.88,0.11013394576817519
2,0.3333333333333333,65,0.011108894013817523,99.14,96.89,0.10997866146411979
2,0.3333333333333333,66,0.009312266377127095,99.225,96.89,0.11075579672091408
2,0.3333333333333333,67,0.009809907039354561,99.315,96.76,0.11471739411441377
2,0.3333333333333333,68,0.010434110067594963,99.305,96.88,0.11133373670920264
2,0.3333333333333333,69,0.008937263229541527,99.275,96.87,0.1118360378156649
2,0.3333333333333333,70,0.010493281341875625,99.29,96.96,0.11043372457832447
2,0.3333333333333333,71,0.009506160081927754,99.335,96.93,0.114143073415471
2,0.3333333333333333,72,0.008405890090355448,99.39,96.96,0.11230712397431489
2,0.3333333333333333,73,0.009549336516814437,99.365,96.93,0.11547917521747877
2,0.3333333333333333,74,0.008314862833981206,99.455,97.13,0.11411168108767016
2,0.3333333333333333,75,0.00790138655063358,99.37,96.9,0.11499242932739434
2,0.3333333333333333,76,0.007836079328753956,99.47,96.92,0.11534101536351954
2,0.3333333333333333,77,0.008169369401327174,99.42,97.0,0.11491184123879065
2,0.3333333333333333,78,0.007606687360134711,99.525,96.94,0.11763455252337734
2,0.3333333333333333,79,0.007283971582652087,99.45,96.85,0.11750431721011409
2,0.3333333333333333,80,0.0071145033932462996,99.505,96.88,0.11709537589238607
2,0.3333333333333333,81,0.005798236745747791,99.58,96.89,0.1216417169124179
2,0.3333333333333333,82,0.006683739668921016,99.6,96.8,0.11957911228877492
2,0.3333333333333333,83,0.006620565361111976,99.615,96.89,0.12237602014502044
2,0.3333333333333333,84,0.0051288489062505166,99.64,96.91,0.12378058563292144
2,0.3333333333333333,85,0.006105835660758197,99.68,96.91,0.12218261244546738
2,0.3333333333333333,86,0.0068388861829450556,99.585,96.92,0.1196602341032849

